Son 1;Opéra;Artiste 39
Son 2;Zumba;Artiste 87
Son 3;Salsa;Artiste 33
Son 4;Opéra;Artiste 3
Son 5;Tango;Artiste 61
Son 6;Musique de Film;Artiste 35
Son 7;Electro;Artiste 4
Son 8;Tango;Artiste 25
Son 9;Reggae;Artiste 57
Son 10;Chill;Artiste 24
Son 11;Zouk;Artiste 81
Son 12;Black Metal Symphonique;Artiste 87
Son 13;Baia;Artiste 15
Son 14;Jazz Manouche;Artiste 39
Son 15;Indie;Artiste 83
Son 16;Jungle;Artiste 6
Son 17;Raï;Artiste 12
Son 18;Indie;Artiste 40
Son 19;Jazz;Artiste 27
Son 20;Chicago House;Artiste 55
Son 21;Bebop;Artiste 96
Son 22;Pop;Artiste 68
Son 23;Latin;Artiste 62
Son 24;Yéyé;Artiste 84
Son 25;Indie;Artiste 22
Son 26;Reggae;Artiste 43
Son 27;Jazz;Artiste 82
Son 28;Trip-Hop;Artiste 80
Son 29;Dubstep;Artiste 73
Son 30;Jungle;Artiste 40
Son 31;Zouk;Artiste 38
Son 32;Hip-Hop;Artiste 84
Son 33;Jazz Manouche;Artiste 44
Son 34;Electro;Artiste 46
Son 35;Blues;Artiste 50
Son 36;Country;Artiste 20
Son 37;Jazz Manouche;Artiste 64
Son 38;Techno;Artiste 77
Son 39;Black Metal Symphonique;Artiste 88
Son 40;Reggae;Artiste 70
Son 41;Rap;Artiste 28
Son 42;Country;Artiste 10
Son 43;Blues;Artiste 92
Son 44;Punk;Artiste 83
Son 45;Néo-Classicisme;Artiste 84
Son 46;Zumba;Artiste 40
Son 47;Rock;Artiste 94
Son 48;Chanson Française;Artiste 49
Son 49;Alternatif;Artiste 52
Son 50;Black Metal Symphonique;Artiste 48
Son 51;Orientale;Artiste 42
Son 52;Baia;Artiste 65
Son 53;Latin;Artiste 51
Son 54;Cubaine;Artiste 3
Son 55;Raï;Artiste 16
Son 56;Alternatif;Artiste 27
Son 57;Soul;Artiste 20
Son 58;Rap;Artiste 86
Son 59;Blues;Artiste 70
Son 60;Musique Anglaise;Artiste 38
Son 61;Reggae;Artiste 63
Son 62;Reggae;Artiste 40
Son 63;Pop;Artiste 25
Son 64;Musique Américaine;Artiste 96
Son 65;Musique Classique;Artiste 45
Son 66;Alternatif;Artiste 2
Son 67;Blues;Artiste 86
Son 68;Reggae;Artiste 97
Son 69;Jazz;Artiste 45
Son 70;Blues;Artiste 18
Son 71;Chanson Paillarde;Artiste 9
Son 72;Salsa;Artiste 76
Son 73;Musique Aléatoire;Artiste 19
Son 74;Black Metal Symphonique;Artiste 50
Son 75;Dub;Artiste 50
Son 76;Synthwave;Artiste 84
Son 77;Indie;Artiste 64
Son 78;Electro;Artiste 62
Son 79;Country;Artiste 43
Son 80;Chanson Française;Artiste 98
Son 81;Rap US;Artiste 47
Son 82;Rap US;Artiste 67
Son 83;Punk;Artiste 33
Son 84;Hip-Hop;Artiste 25
Son 85;Raï;Artiste 12
Son 86;Jump Style;Artiste 11
Son 87;Orientale;Artiste 63
Son 88;Electro;Artiste 64
Son 89;Yéyé;Artiste 26
Son 90;Musique de Film;Artiste 68
Son 91;Dubstep;Artiste 37
Son 92;Jazz;Artiste 62
Son 93;Opéra;Artiste 25
Son 94;Rock;Artiste 23
Son 95;Rap;Artiste 92
Son 96;Blues;Artiste 25
Son 97;Zouglou;Artiste 85
Son 98;Orientale;Artiste 56
Son 99;Goa;Artiste 34
Son 100;Rock;Artiste 82
Son 101;Indie;Artiste 12
Son 102;Salsa;Artiste 26
Son 103;Musique Classique;Artiste 100
Son 104;Techno;Artiste 64
Son 105;Funk;Artiste 77
Son 106;Dub;Artiste 84
Son 107;Rap;Artiste 39
Son 108;Chanson Française;Artiste 10
Son 109;Dub;Artiste 84
Son 110;Funk;Artiste 2
Son 111;Reggae;Artiste 16
Son 112;Hip-Hop;Artiste 10
Son 113;Punk;Artiste 97
Son 114;Punk;Artiste 51
Son 115;Rock;Artiste 13
Son 116;Hip-Hop;Artiste 80
Son 117;Rap US;Artiste 13
Son 118;Rap;Artiste 52
Son 119;Blues;Artiste 97
Son 120;Musique Classique;Artiste 28
Son 121;Chant Occitan;Artiste 12
Son 122;Rock;Artiste 81
Son 123;Rap US;Artiste 70
Son 124;Blues;Artiste 78
Son 125;Country;Artiste 41
Son 126;Alternatif;Artiste 68
Son 127;Thrash Metal;Artiste 12
Son 128;Hip-Hop;Artiste 51
Son 129;Jungle;Artiste 23
Son 130;Rap FR;Artiste 23
Son 131;Salsa;Artiste 12
Son 132;Yéyé;Artiste 58
Son 133;Reggae;Artiste 10
Son 134;Rock;Artiste 92
Son 135;Funk;Artiste 36
Son 136;Alternatif;Artiste 65
Son 137;Jazz;Artiste 88
Son 138;Pop;Artiste 89
Son 139;Rock;Artiste 53
Son 140;Blues;Artiste 36
Son 141;Zouglou;Artiste 93
Son 142;Chicago House;Artiste 83
Son 143;Zouglou;Artiste 84
Son 144;Dubstep;Artiste 27
Son 145;Musique Classique;Artiste 6
Son 146;Rap FR;Artiste 21
Son 147;Salsa;Artiste 13
Son 148;Indie;Artiste 39
Son 149;Kpop;Artiste 84
Son 150;Black Metal Symphonique;Artiste 62
Son 151;Opéra;Artiste 43
Son 152;Kpop;Artiste 89
Son 153;Alternatif;Artiste 11
Son 154;Electro;Artiste 76
Son 155;Reggae;Artiste 50
Son 156;Tribe;Artiste 70
Son 157;Musique Américaine;Artiste 77
Son 158;Rap FR;Artiste 75
Son 159;Electro;Artiste 52
Son 160;Rap;Artiste 31
Son 161;Musique-Concrète;Artiste 5
Son 162;Electro;Artiste 4
Son 163;Tango;Artiste 26
Son 164;Brezilienne;Artiste 80
Son 165;Reggae;Artiste 42
Son 166;Bebop;Artiste 46
Son 167;Reggae;Artiste 75
Son 168;Musique Classique;Artiste 82
Son 169;Celtique;Artiste 48
Son 170;Rock;Artiste 47
Son 171;Tango;Artiste 36
Son 172;Musique de Film;Artiste 1
Son 173;Chanson Française;Artiste 6
Son 174;Jazz;Artiste 89
Son 175;Electro;Artiste 2
Son 176;Cubaine;Artiste 10
Son 177;Indie;Artiste 78
Son 178;Black Metal Symphonique;Artiste 63
Son 179;Hip-Hop;Artiste 4
Son 180;Musique Classique;Artiste 75
Son 181;RnB;Artiste 31
Son 182;Opéra;Artiste 53
Son 183;Brezilienne;Artiste 71
Son 184;Rock;Artiste 85
Son 185;Hip-Hop;Artiste 20
Son 186;Reggae;Artiste 79
Son 187;Musique-Concrète;Artiste 24
Son 188;Indie;Artiste 56
Son 189;Chanson Française;Artiste 73
Son 190;Cubaine;Artiste 48
Son 191;Yéyé;Artiste 49
Son 192;Alternatif;Artiste 7
Son 193;Blues;Artiste 42
Son 194;Chanson Française;Artiste 76
Son 195;Alternatif;Artiste 68
Son 196;AfroTrap;Artiste 98
Son 197;Musique Classique;Artiste 33
Son 198;Indie;Artiste 16
Son 199;Zumba;Artiste 99
Son 200;Dubstep;Artiste 62
Son 201;Reggaeton;Artiste 30
Son 202;Jazz;Artiste 7
Son 203;Rock;Artiste 89
Son 204;Tango;Artiste 46
Son 205;Dub;Artiste 40
Son 206;Alternatif;Artiste 6
Son 207;Jazz;Artiste 7
Son 208;Darkstep;Artiste 87
Son 209;Salsa;Artiste 77
Son 210;Musique Classique;Artiste 90
Son 211;Jazz;Artiste 29
Son 212;Beatbox;Artiste 6
Son 213;Rap US;Artiste 39
Son 214;Dub;Artiste 58
Son 215;Chill;Artiste 71
Son 216;Salsa;Artiste 19
Son 217;Chant Occitan;Artiste 93
Son 218;Blues;Artiste 67
Son 219;Metal;Artiste 62
Son 220;Hip-Hop;Artiste 26
Son 221;Hip-Hop;Artiste 98
Son 222;AfroTrap;Artiste 74
Son 223;Brezilienne;Artiste 89
Son 224;Blues;Artiste 38
Son 225;Brezilienne;Artiste 31
Son 226;Raï;Artiste 24
Son 227;Batucada;Artiste 92
Son 228;Zumba;Artiste 2
Son 229;Black Metal Symphonique;Artiste 48
Son 230;Chanson Française;Artiste 68
Son 231;Opéra;Artiste 90
Son 232;Country;Artiste 78
Son 233;Gospel;Artiste 2
Son 234;Electro;Artiste 39
Son 235;Zumba;Artiste 12
Son 236;Blues;Artiste 38
Son 237;Punk;Artiste 72
Son 238;Medieval Rock;Artiste 11
Son 239;Chanson Française;Artiste 87
Son 240;Jazz;Artiste 44
Son 241;Electro;Artiste 17
Son 242;Chanson Française;Artiste 75
Son 243;Zouk;Artiste 62
Son 244;Blues;Artiste 53
Son 245;Pop;Artiste 35
Son 246;Zouk;Artiste 99
Son 247;AfroTrap;Artiste 81
Son 248;Electro;Artiste 43
Son 249;Alternatif;Artiste 16
Son 250;Beatbox;Artiste 79
Son 251;Indie;Artiste 38
Son 252;Dub;Artiste 92
Son 253;Musique-Concrète;Artiste 79
Son 254;Opéra;Artiste 32
Son 255;Trip-Hop;Artiste 58
Son 256;Raï;Artiste 1
Son 257;Musique Américaine;Artiste 70
Son 258;Opéra;Artiste 31
Son 259;Techno;Artiste 31
Son 260;Dub;Artiste 77
Son 261;Néo-Classicisme;Artiste 26
Son 262;Batucada;Artiste 91
Son 263;Beatbox;Artiste 99
Son 264;Latin;Artiste 38
Son 265;Celtique;Artiste 71
Son 266;Jazz;Artiste 35
Son 267;Salsa;Artiste 89
Son 268;AfroTrap;Artiste 98
Son 269;Kpop;Artiste 58
Son 270;Chicago House;Artiste 71
Son 271;Orientale;Artiste 95
Son 272;Jazz Manouche;Artiste 88
Son 273;Reggae;Artiste 84
Son 274;Jungle;Artiste 81
Son 275;Musique Aléatoire;Artiste 35
Son 276;Rap;Artiste 2
Son 277;Darkstep;Artiste 47
Son 278;Jazz Manouche;Artiste 38
Son 279;Batucada;Artiste 54
Son 280;Rock;Artiste 37
Son 281;Electro;Artiste 92
Son 282;Celtique;Artiste 65
Son 283;Rap FR;Artiste 71
Son 284;Dubstep;Artiste 59
Son 285;Rock;Artiste 42
Son 286;Funk;Artiste 70
Son 287;Rap;Artiste 65
Son 288;Celtique;Artiste 61
Son 289;Jazz;Artiste 23
Son 290;Opéra;Artiste 98
Son 291;Trip-Hop;Artiste 31
Son 292;Punk;Artiste 75
Son 293;Musique-Concrète;Artiste 93
Son 294;Musique-Concrète;Artiste 77
Son 295;Zouglou;Artiste 95
Son 296;Synthwave;Artiste 74
Son 297;Salsa;Artiste 33
Son 298;Country;Artiste 83
Son 299;Ska;Artiste 71
Son 300;Electro;Artiste 45
Son 301;Blues;Artiste 75
Son 302;Reggaeton;Artiste 76
Son 303;Alternatif;Artiste 24
Son 304;Jazz;Artiste 11
Son 305;Medieval Rock;Artiste 69
Son 306;Zouglou;Artiste 17
Son 307;Hip-Hop;Artiste 23
Son 308;Orientale;Artiste 97
Son 309;Blues;Artiste 37
Son 310;Alternatif;Artiste 22
Son 311;Reggae;Artiste 42
Son 312;Hip-Hop;Artiste 19
Son 313;Musique Américaine;Artiste 42
Son 314;Zouglou;Artiste 93
Son 315;Funk;Artiste 57
Son 316;Electro;Artiste 85
Son 317;Jungle;Artiste 63
Son 318;Blues;Artiste 24
Son 319;Goa;Artiste 70
Son 320;Salsa;Artiste 32
Son 321;Indie;Artiste 32
Son 322;Rock;Artiste 51
Son 323;Blues;Artiste 9
Son 324;Thrash Metal;Artiste 29
Son 325;Ska;Artiste 58
Son 326;Musique de Film;Artiste 61
Son 327;Chicago House;Artiste 56
Son 328;Musique Aléatoire;Artiste 32
Son 329;Zouk;Artiste 28
Son 330;Musique de Film;Artiste 91
Son 331;Dub;Artiste 69
Son 332;Trap;Artiste 37
Son 333;Musique Américaine;Artiste 33
Son 334;Reggae;Artiste 99
Son 335;Pop;Artiste 50
Son 336;Chicago House;Artiste 44
Son 337;Punk;Artiste 50
Son 338;Soul;Artiste 34
Son 339;Musique Classique;Artiste 15
Son 340;Electro;Artiste 2
Son 341;Chanson Française;Artiste 78
Son 342;Thrash Metal;Artiste 90
Son 343;Dubstep;Artiste 74
Son 344;Techno;Artiste 81
Son 345;Batucada;Artiste 85
Son 346;Tango;Artiste 57
Son 347;Rock;Artiste 26
Son 348;Zouglou;Artiste 95
Son 349;Beatbox;Artiste 32
Son 350;Jazz Manouche;Artiste 85
Son 351;Thrash Metal;Artiste 22
Son 352;Blues;Artiste 70
Son 353;Opéra;Artiste 83
Son 354;Alternatif;Artiste 66
Son 355;Tribe;Artiste 47
Son 356;Rock;Artiste 80
Son 357;Tango;Artiste 16
Son 358;Country;Artiste 53
Son 359;Yéyé;Artiste 31
Son 360;Rock;Artiste 27
Son 361;Trip-Hop;Artiste 79
Son 362;Acid Techno;Artiste 38
Son 363;Musique Américaine;Artiste 19
Son 364;Reggae;Artiste 89
Son 365;Latin;Artiste 18
Son 366;Tango;Artiste 9
Son 367;Rock;Artiste 9
Son 368;Zouk;Artiste 18
Son 369;Reggaeton;Artiste 1
Son 370;Musique de Film;Artiste 43
Son 371;Celtique;Artiste 69
Son 372;Raï;Artiste 52
Son 373;Jump Style;Artiste 72
Son 374;Electro;Artiste 95
Son 375;Blues;Artiste 85
Son 376;Goa;Artiste 8
Son 377;Alternatif;Artiste 13
Son 378;Latin;Artiste 74
Son 379;Zumba;Artiste 71
Son 380;Musique Classique;Artiste 87
Son 381;Baia;Artiste 92
Son 382;Darkstep;Artiste 23
Son 383;Trap;Artiste 23
Son 384;Musique de Film;Artiste 71
Son 385;Kpop;Artiste 62
Son 386;Zumba;Artiste 68
Son 387;Tango;Artiste 48
Son 388;Tribe;Artiste 79
Son 389;Opéra;Artiste 34
Son 390;Kpop;Artiste 5
Son 391;Metal;Artiste 4
Son 392;Funk;Artiste 71
Son 393;Rap;Artiste 95
Son 394;Reggae;Artiste 92
Son 395;Techno;Artiste 98
Son 396;Rap;Artiste 39
Son 397;Hip-Hop;Artiste 19
Son 398;Blues;Artiste 35
Son 399;Electro;Artiste 45
Son 400;Alternatif;Artiste 16
Son 401;Tribe;Artiste 18
Son 402;Gospel;Artiste 74
Son 403;Rap US;Artiste 48
Son 404;Dubstep;Artiste 77
Son 405;Blues;Artiste 14
Son 406;Reggae;Artiste 39
Son 407;Brezilienne;Artiste 34
Son 408;Chanson Française;Artiste 18
Son 409;Reggae;Artiste 43
Son 410;Acid Techno;Artiste 71
Son 411;Chanson Française;Artiste 6
Son 412;RnB;Artiste 76
Son 413;Cubaine;Artiste 77
Son 414;Kpop;Artiste 12
Son 415;Rap US;Artiste 58
Son 416;Chant Occitan;Artiste 27
Son 417;Celtique;Artiste 89
Son 418;Néo-Classicisme;Artiste 73
Son 419;Chanson Française;Artiste 77
Son 420;Rap;Artiste 12
Son 421;Rock;Artiste 8
Son 422;Salsa;Artiste 56
Son 423;Brezilienne;Artiste 10
Son 424;Opéra;Artiste 39
Son 425;Blues;Artiste 74
Son 426;Chanson Française;Artiste 78
Son 427;Rock;Artiste 32
Son 428;Gospel;Artiste 36
Son 429;Latin;Artiste 67
Son 430;Blues;Artiste 87
Son 431;Alternatif;Artiste 33
Son 432;Chanson Paillarde;Artiste 58
Son 433;Medieval Rock;Artiste 47
Son 434;Musique de Film;Artiste 27
Son 435;Musique Aléatoire;Artiste 100
Son 436;Blues;Artiste 77
Son 437;Batucada;Artiste 27
Son 438;Goa;Artiste 90
Son 439;Reggaeton;Artiste 63
Son 440;Rock;Artiste 27
Son 441;Yéyé;Artiste 41
Son 442;Gospel;Artiste 96
Son 443;Trip-Hop;Artiste 54
Son 444;Synthwave;Artiste 94
Son 445;Chill;Artiste 70
Son 446;Synthwave;Artiste 90
Son 447;Kpop;Artiste 96
Son 448;Alternatif;Artiste 86
Son 449;Zouglou;Artiste 10
Son 450;Batucada;Artiste 98
Son 451;Chanson Paillarde;Artiste 28
Son 452;Rock;Artiste 92
Son 453;Chanson Française;Artiste 41
Son 454;Chanson Française;Artiste 27
Son 455;Batucada;Artiste 85
Son 456;Jazz;Artiste 82
Son 457;Black Metal Symphonique;Artiste 58
Son 458;Musique de Film;Artiste 11
Son 459;Rap FR;Artiste 83
Son 460;Hip-Hop;Artiste 2
Son 461;Raï;Artiste 61
Son 462;Electro;Artiste 72
Son 463;Néo-Classicisme;Artiste 54
Son 464;Reggae;Artiste 13
Son 465;Trip-Hop;Artiste 36
Son 466;Goa;Artiste 73
Son 467;Pop;Artiste 58
Son 468;Pop;Artiste 46
Son 469;Musique de Film;Artiste 76
Son 470;Chanson Paillarde;Artiste 27
Son 471;Chill;Artiste 11
Son 472;Acid Techno;Artiste 65
Son 473;Punk;Artiste 57
Son 474;Hip-Hop;Artiste 67
Son 475;Blues;Artiste 17
Son 476;Musique de Film;Artiste 75
Son 477;Tango;Artiste 34
Son 478;Folk;Artiste 3
Son 479;Orientale;Artiste 37
Son 480;Zumba;Artiste 46
Son 481;Baia;Artiste 14
Son 482;Trip-Hop;Artiste 68
Son 483;Punk;Artiste 12
Son 484;Rap;Artiste 100
Son 485;Rock;Artiste 76
Son 486;Medieval Rock;Artiste 45
Son 487;Punk;Artiste 97
Son 488;Medieval Rock;Artiste 99
Son 489;Salsa;Artiste 51
Son 490;Acid Techno;Artiste 83
Son 491;Rap;Artiste 9
Son 492;Rap US;Artiste 18
Son 493;Baia;Artiste 79
Son 494;Ska;Artiste 99
Son 495;Brezilienne;Artiste 31
Son 496;Latin;Artiste 77
Son 497;Musique Classique;Artiste 34
Son 498;Electro;Artiste 58
Son 499;Bebop;Artiste 22
Son 500;Jazz Manouche;Artiste 23
Son 501;Jazz Manouche;Artiste 84
Son 502;Chanson Française;Artiste 3
Son 503;Jazz;Artiste 12
Son 504;Black Metal Symphonique;Artiste 92
Son 505;Hip-Hop;Artiste 2
Son 506;Chanson Française;Artiste 46
Son 507;Metal;Artiste 98
Son 508;Baia;Artiste 8
Son 509;Synthwave;Artiste 28
Son 510;Reggae;Artiste 48
Son 511;Kpop;Artiste 74
Son 512;Pop;Artiste 73
Son 513;Celtique;Artiste 7
Son 514;Electro;Artiste 47
Son 515;Metal;Artiste 88
Son 516;Medieval Rock;Artiste 75
Son 517;Salsa;Artiste 40
Son 518;Chant Occitan;Artiste 81
Son 519;Rap FR;Artiste 47
Son 520;Jazz Manouche;Artiste 31
Son 521;Blues;Artiste 6
Son 522;Trip-Hop;Artiste 70
Son 523;Orientale;Artiste 90
Son 524;Rap US;Artiste 86
Son 525;Medieval Rock;Artiste 13
Son 526;AfroTrap;Artiste 72
Son 527;Blues;Artiste 38
Son 528;Country;Artiste 20
Son 529;Metal;Artiste 50
Son 530;Acid Techno;Artiste 30
Son 531;RnB;Artiste 48
Son 532;Trip-Hop;Artiste 88
Son 533;Rock;Artiste 39
Son 534;Kpop;Artiste 80
Son 535;Blues;Artiste 39
Son 536;Reggae;Artiste 82
Son 537;Celtique;Artiste 32
Son 538;Zumba;Artiste 97
Son 539;Blues;Artiste 17
Son 540;Latin;Artiste 98
Son 541;Rap US;Artiste 15
Son 542;Batucada;Artiste 78
Son 543;Musique Classique;Artiste 82
Son 544;Rap US;Artiste 48
Son 545;AfroTrap;Artiste 15
Son 546;Blues;Artiste 53
Son 547;Zumba;Artiste 36
Son 548;Brezilienne;Artiste 17
Son 549;Chant Occitan;Artiste 94
Son 550;Zumba;Artiste 80
Son 551;Reggae;Artiste 1
Son 552;Alternatif;Artiste 48
Son 553;RnB;Artiste 42
Son 554;Tango;Artiste 43
Son 555;Batucada;Artiste 13
Son 556;Baia;Artiste 42
Son 557;Rap;Artiste 31
Son 558;Electro;Artiste 32
Son 559;Blues;Artiste 77
Son 560;Rock;Artiste 71
Son 561;Synthwave;Artiste 86
Son 562;Opéra;Artiste 54
Son 563;Rock;Artiste 9
Son 564;Reggae;Artiste 61
Son 565;Rap FR;Artiste 21
Son 566;Soul;Artiste 29
Son 567;Musique-Concrète;Artiste 19
Son 568;Trap;Artiste 80
Son 569;Jazz;Artiste 80
Son 570;Musique de Film;Artiste 13
Son 571;Yéyé;Artiste 69
Son 572;Funk;Artiste 2
Son 573;Punk;Artiste 71
Son 574;Rap US;Artiste 60
Son 575;Reggae;Artiste 37
Son 576;Reggaeton;Artiste 17
Son 577;Goa;Artiste 33
Son 578;Alternatif;Artiste 19
Son 579;Beatbox;Artiste 67
Son 580;Rock;Artiste 49
Son 581;Acid Techno;Artiste 9
Son 582;Black Metal Symphonique;Artiste 78
Son 583;Musique Classique;Artiste 96
Son 584;Rock;Artiste 85
Son 585;Kpop;Artiste 23
Son 586;Alternatif;Artiste 72
Son 587;Tango;Artiste 77
Son 588;Trap;Artiste 50
Son 589;Musique Aléatoire;Artiste 74
Son 590;Batucada;Artiste 54
Son 591;Medieval Rock;Artiste 21
Son 592;Pop;Artiste 73
Son 593;Reggae;Artiste 4
Son 594;Bebop;Artiste 32
Son 595;Brezilienne;Artiste 58
Son 596;Bebop;Artiste 12
Son 597;Alternatif;Artiste 88
Son 598;Ska;Artiste 18
Son 599;Salsa;Artiste 40
Son 600;Country;Artiste 79
Son 601;Salsa;Artiste 50
Son 602;Punk;Artiste 69
Son 603;Rock;Artiste 16
Son 604;Chill;Artiste 65
Son 605;Musique de Film;Artiste 51
Son 606;Alternatif;Artiste 44
Son 607;Blues;Artiste 41
Son 608;Indie;Artiste 60
Son 609;Funk;Artiste 15
Son 610;Reggae;Artiste 95
Son 611;Latin;Artiste 9
Son 612;Folk;Artiste 23
Son 613;Jazz;Artiste 8
Son 614;Celtique;Artiste 64
Son 615;AfroTrap;Artiste 41
Son 616;Celtique;Artiste 50
Son 617;Blues;Artiste 52
Son 618;Electro;Artiste 30
Son 619;Musique Aléatoire;Artiste 58
Son 620;Synthwave;Artiste 97
Son 621;Punk;Artiste 75
Son 622;Musique Anglaise;Artiste 64
Son 623;Jazz;Artiste 86
Son 624;Jump Style;Artiste 17
Son 625;Pop;Artiste 74
Son 626;Jungle;Artiste 74
Son 627;Zouglou;Artiste 88
Son 628;Rock;Artiste 82
Son 629;Ska;Artiste 61
Son 630;Hip-Hop;Artiste 54
Son 631;Musique Classique;Artiste 63
Son 632;Salsa;Artiste 67
Son 633;Brezilienne;Artiste 12
Son 634;Batucada;Artiste 92
Son 635;Blues;Artiste 46
Son 636;Bebop;Artiste 34
Son 637;Alternatif;Artiste 30
Son 638;Jump Style;Artiste 70
Son 639;Rap;Artiste 24
Son 640;Goa;Artiste 59
Son 641;Salsa;Artiste 15
Son 642;Cubaine;Artiste 20
Son 643;Pop;Artiste 100
Son 644;Musique Anglaise;Artiste 17
Son 645;Celtique;Artiste 68
Son 646;Soul;Artiste 77
Son 647;Thrash Metal;Artiste 56
Son 648;Jungle;Artiste 81
Son 649;Jump Style;Artiste 25
Son 650;Tribe;Artiste 64
Son 651;Goa;Artiste 99
Son 652;Goa;Artiste 69
Son 653;Musique de Film;Artiste 69
Son 654;Hip-Hop;Artiste 45
Son 655;Indie;Artiste 43
Son 656;Reggae;Artiste 65
Son 657;Chill;Artiste 74
Son 658;Hip-Hop;Artiste 99
Son 659;Blues;Artiste 62
Son 660;Musique Classique;Artiste 80
Son 661;Punk;Artiste 40
Son 662;Indie;Artiste 93
Son 663;Bebop;Artiste 58
Son 664;Reggaeton;Artiste 13
Son 665;Alternatif;Artiste 53
Son 666;Zouglou;Artiste 21
Son 667;Blues;Artiste 94
Son 668;Gospel;Artiste 11
Son 669;Alternatif;Artiste 9
Son 670;Darkstep;Artiste 47
Son 671;Musique-Concrète;Artiste 74
Son 672;Brezilienne;Artiste 38
Son 673;Opéra;Artiste 75
Son 674;Zouglou;Artiste 32
Son 675;Latin;Artiste 27
Son 676;Celtique;Artiste 19
Son 677;Musique Classique;Artiste 37
Son 678;Rap US;Artiste 50
Son 679;RnB;Artiste 88
Son 680;Thrash Metal;Artiste 97
Son 681;Techno;Artiste 8
Son 682;Chicago House;Artiste 9
Son 683;Zouglou;Artiste 40
Son 684;Blues;Artiste 47
Son 685;Rap US;Artiste 73
Son 686;Yéyé;Artiste 16
Son 687;Chanson Française;Artiste 29
Son 688;Blues;Artiste 74
Son 689;Rock;Artiste 10
Son 690;Batucada;Artiste 58
Son 691;Musique-Concrète;Artiste 39
Son 692;Trip-Hop;Artiste 23
Son 693;Acid Techno;Artiste 51
Son 694;Country;Artiste 33
Son 695;RnB;Artiste 47
Son 696;Jungle;Artiste 70
Son 697;Medieval Rock;Artiste 26
Son 698;Chicago House;Artiste 58
Son 699;Blues;Artiste 78
Son 700;Musique-Concrète;Artiste 84
Son 701;RnB;Artiste 65
Son 702;Reggaeton;Artiste 97
Son 703;Musique Anglaise;Artiste 34
Son 704;Opéra;Artiste 59
Son 705;Zouk;Artiste 46
Son 706;Funk;Artiste 52
Son 707;Rock;Artiste 86
Son 708;Chill;Artiste 75
Son 709;Pop;Artiste 60
Son 710;Rap;Artiste 77
Son 711;Jump Style;Artiste 3
Son 712;Jump Style;Artiste 37
Son 713;Indie;Artiste 60
Son 714;Latin;Artiste 71
Son 715;Jazz Manouche;Artiste 86
Son 716;Country;Artiste 73
Son 717;Jungle;Artiste 19
Son 718;Bebop;Artiste 45
Son 719;Electro;Artiste 86
Son 720;Néo-Classicisme;Artiste 5
Son 721;Chanson Française;Artiste 58
Son 722;Musique Classique;Artiste 83
Son 723;Electro;Artiste 30
Son 724;Tango;Artiste 13
Son 725;Ska;Artiste 99
Son 726;Jazz Manouche;Artiste 56
Son 727;Darkstep;Artiste 71
Son 728;Chanson Française;Artiste 26
Son 729;Rap US;Artiste 81
Son 730;Musique Américaine;Artiste 96
Son 731;Alternatif;Artiste 74
Son 732;Zouglou;Artiste 76
Son 733;Electro;Artiste 53
Son 734;Baia;Artiste 68
Son 735;Latin;Artiste 6
Son 736;Jazz;Artiste 91
Son 737;Country;Artiste 3
Son 738;Jump Style;Artiste 18
Son 739;Tribe;Artiste 90
Son 740;Musique de Film;Artiste 23
Son 741;Black Metal Symphonique;Artiste 64
Son 742;Kpop;Artiste 26
Son 743;Rap;Artiste 87
Son 744;Musique Classique;Artiste 36
Son 745;Chanson Paillarde;Artiste 49
Son 746;RnB;Artiste 73
Son 747;Dubstep;Artiste 94
Son 748;Celtique;Artiste 74
Son 749;Synthwave;Artiste 38
Son 750;Punk;Artiste 39
Son 751;Chant Occitan;Artiste 57
Son 752;Medieval Rock;Artiste 78
Son 753;Opéra;Artiste 59
Son 754;Musique-Concrète;Artiste 20
Son 755;Zouk;Artiste 70
Son 756;Punk;Artiste 41
Son 757;Chill;Artiste 53
Son 758;Chanson Française;Artiste 42
Son 759;Batucada;Artiste 89
Son 760;Electro;Artiste 31
Son 761;Blues;Artiste 9
Son 762;Salsa;Artiste 42
Son 763;Black Metal Symphonique;Artiste 15
Son 764;Jazz Manouche;Artiste 84
Son 765;Salsa;Artiste 34
Son 766;Chanson Paillarde;Artiste 69
Son 767;Rock;Artiste 30
Son 768;Reggae;Artiste 98
Son 769;Jazz;Artiste 56
Son 770;Country;Artiste 17
Son 771;Rap US;Artiste 99
Son 772;Latin;Artiste 19
Son 773;Chanson Paillarde;Artiste 77
Son 774;Blues;Artiste 64
Son 775;Zumba;Artiste 9
Son 776;Tribe;Artiste 41
Son 777;Chanson Française;Artiste 65
Son 778;Celtique;Artiste 86
Son 779;Reggae;Artiste 45
Son 780;Hip-Hop;Artiste 14
Son 781;Jazz Manouche;Artiste 69
Son 782;Indie;Artiste 51
Son 783;Rap;Artiste 61
Son 784;Opéra;Artiste 21
Son 785;Synthwave;Artiste 100
Son 786;Tango;Artiste 19
Son 787;Raï;Artiste 69
Son 788;Folk;Artiste 80
Son 789;Brezilienne;Artiste 46
Son 790;Reggae;Artiste 31
Son 791;Electro;Artiste 100
Son 792;Zumba;Artiste 89
Son 793;Musique-Concrète;Artiste 84
Son 794;Acid Techno;Artiste 41
Son 795;Soul;Artiste 70
Son 796;Musique de Film;Artiste 77
Son 797;Reggae;Artiste 55
Son 798;Dubstep;Artiste 76
Son 799;Trip-Hop;Artiste 25
Son 800;Kpop;Artiste 56
Son 801;Yéyé;Artiste 61
Son 802;Indie;Artiste 19
Son 803;Musique-Concrète;Artiste 69
Son 804;Gospel;Artiste 13
Son 805;Brezilienne;Artiste 62
Son 806;Folk;Artiste 82
Son 807;Zouglou;Artiste 42
Son 808;Electro;Artiste 27
Son 809;Acid Techno;Artiste 94
Son 810;Alternatif;Artiste 15
Son 811;Musique de Film;Artiste 70
Son 812;Electro;Artiste 46
Son 813;Rock;Artiste 34
Son 814;Pop;Artiste 16
Son 815;Reggaeton;Artiste 62
Son 816;Ska;Artiste 93
Son 817;Latin;Artiste 16
Son 818;Zouglou;Artiste 9
Son 819;Beatbox;Artiste 47
Son 820;Tango;Artiste 57
Son 821;Chanson Française;Artiste 6
Son 822;Blues;Artiste 81
Son 823;Metal;Artiste 71
Son 824;Néo-Classicisme;Artiste 51
Son 825;Reggae;Artiste 49
Son 826;Darkstep;Artiste 3
Son 827;Indie;Artiste 48
Son 828;Chanson Paillarde;Artiste 5
Son 829;Musique de Film;Artiste 90
Son 830;Tribe;Artiste 28
Son 831;Alternatif;Artiste 30
Son 832;Darkstep;Artiste 84
Son 833;Gospel;Artiste 28
Son 834;Rap;Artiste 31
Son 835;Reggae;Artiste 61
Son 836;RnB;Artiste 8
Son 837;Chant Occitan;Artiste 95
Son 838;Blues;Artiste 75
Son 839;Reggae;Artiste 92
Son 840;Chant Occitan;Artiste 51
Son 841;Musique Aléatoire;Artiste 25
Son 842;Blues;Artiste 10
Son 843;Blues;Artiste 16
Son 844;Celtique;Artiste 39
Son 845;Electro;Artiste 2
Son 846;Alternatif;Artiste 87
Son 847;Latin;Artiste 52
Son 848;Chanson Française;Artiste 54
Son 849;Chanson Française;Artiste 25
Son 850;Salsa;Artiste 100
Son 851;Jazz;Artiste 15
Son 852;Musique Anglaise;Artiste 24
Son 853;Beatbox;Artiste 25
Son 854;Rap US;Artiste 4
Son 855;Pop;Artiste 84
Son 856;Alternatif;Artiste 45
Son 857;Jazz;Artiste 93
Son 858;Dubstep;Artiste 51
Son 859;Orientale;Artiste 28
Son 860;Salsa;Artiste 54
